,State,est - Total Pop,est - Total Pop - Male - %,est - Total Pop - Female - %,est - Total Pop 18 and Over - %,est - Total Pop 18 and Over – Male - %,est - Total Pop 18 and Over – Female - %,est - Pop 25 and Over - Educated,est - Pop 25 and Over – HS Graduate or Higher - %,est - Pop 25 and Over – Male HS and Over - %,est - Pop 25 and Over – Female HS and Over - %,est - Civilian Pop 18 and Over,est - Civilian Veterans 18 and Over - %,est - Pop 16 and Over,est - Pop 16 and Over – Labor Force - %,est - Pop 16 and Over – Civilian Labor - %,est - Pop 16 and Over – Employed - %,est - Pop 16 and Over – Unemployed - %,est - Unemployment Rate – 16 and Over - %,est - Pop 16 and Over – Armed Forces - %,est - Pop 16 and Over – Not in Labor Force - %,est - Workers 16 and Over,est - Workers 16 and Over – Drove Alone - %,est - Workers 16 and Over – Carpooled - %,est - Workers 16 and Over – Public Transit - %,est - Workers 16 and Over – Walked - %,est - Workers 16 and Over – Other Transport - %,est - Workers 16 and Over – Work From Home - %,est - Avg Commute Time (Min),est - Households With Income,est - Median Household Income,est - Households With Earnings - %,est - Mean Household Earnings,est - Households With Social Security Income - %,est - Mean Social Security Income,est - Households With Suppliemental Security Income - %,est - Mean Suppliemental Security Income,est - Households With Cash Assistance - %,est - Mean Cash Assistance Income,est - Households With Retirement Income - %,est - Mean Retirement Income,est - Households With SNAP - %,est - Individuals With Income,est - Per Capita Income,est - FTYR Workers – Male,est - FTYR Workers – Female,est - Median Earnings – FTYR Male,est - Median Earnings – FTYR Female,est - Civilian Noninstitutionalized Pop,est - Pop With Private Health Insurance - %,est - Pop With Public Health Insurance - %,est - Pop Uninsured - %,est - Pop 18 and Over Below Poverty - %,est - Occupied Housing Units,est - Households With No Vehicles - %,est - Households With 1 and Over Vehicles - %,est - Owner-Occupied With Mortgage,est - Mortgage Costs  less than 30 percent Income - %,est - Mortgage Costs 30 precent or more of Income - %
2,Alabama,5074296,48.5,51.5,78.1,47.8,52.2,3474924,88.8,87.3,90.2,3946788,7.7,4093740,58.6,58.2,55.7,2.5,4.3,0.4,41.4,2259733,80.5,7.9,0.3,1.2,1.2,8.9,25.4,2016448,59674,72.6,86749,35.1,21488,6.6,10526,1.6,3324,26.1,27985,14.1,5074296,33777,964406,759240,55721,41951,4988625,67.0,38.4,8.8,14.6,2016448,5.2,94.8,768014,77.0,23.0
4,Alaska,733583,52.6,47.4,76.0,53.1,46.9,489218,93.3,93.3,93.3,533430,10.1,575934,67.0,62.8,59.9,2.9,4.6,4.2,33.0,359628,64.2,12.3,1.2,7.3,5.5,9.5,19.4,274574,88121,81.3,106785,24.9,20601,3.8,10502,6.2,4234,22.9,42102,10.9,733583,43054,152785,102939,66109,57087,701511,66.4,37.2,11.0,10.1,274574,9.1,90.9,110040,70.9,29.1
6,Arizona,7359197,50.0,50.0,78.4,49.7,50.3,5053656,89.2,88.9,89.4,5747509,7.9,5961733,60.7,60.3,57.7,2.6,4.3,0.4,39.3,3402927,66.1,9.8,0.8,1.7,2.4,19.2,24.9,2850377,74568,75.2,102494,33.4,23704,4.0,10678,1.9,3724,26.7,31251,10.3,7359197,39819,1478889,1080442,57628,50126,7251924,63.9,38.3,10.3,11.5,2850377,5.1,94.9,1180749,73.7,26.3
8,Arkansas,3045637,49.4,50.6,77.2,48.8,51.2,2057624,89.1,88.1,90.1,2343534,7.6,2430600,57.8,57.5,54.9,2.6,4.5,0.3,42.2,1319868,79.8,8.3,0.3,1.5,1.3,8.8,22.4,1216207,55432,71.9,81483,34.9,20900,6.3,11009,1.9,3402,23.7,23978,10.3,3045637,31380,574221,438576,51246,41123,2991199,60.0,45.0,8.4,15.2,1216207,6.5,93.5,424171,77.3,22.7
10,California,39029342,50.1,49.9,78.2,49.7,50.3,26866773,84.7,84.2,85.2,30360219,4.3,31552708,63.9,63.4,60.0,3.4,5.3,0.5,36.1,18612464,65.5,9.8,2.7,2.4,2.4,17.2,28.3,13550586,91551,80.6,132782,28.1,21919,5.7,10839,3.8,5229,21.5,38243,12.7,39029342,46661,7845113,5607949,66916,59420,38548670,63.8,40.0,6.5,11.3,13550586,6.9,93.1,5044333,62.2,37.8
12,Colorado,5839926,50.7,49.3,79.3,50.6,49.4,4084004,93.0,92.7,93.4,4584244,7.4,4776317,68.9,67.9,65.6,2.4,3.5,0.9,31.1,3122003,64.7,7.9,1.6,2.5,2.1,21.2,25.0,2384584,89302,81.7,119085,25.5,22784,3.1,10798,2.2,4580,21.9,35459,8.5,5839926,49071,1336345,961857,70519,56823,5742363,70.5,33.3,7.1,9.0,2384584,5.0,95.0,1089369,70.6,29.4
14,Connecticut,3626205,49.0,51.0,79.9,48.4,51.6,2545188,91.5,90.7,92.3,2888535,4.6,2986455,65.7,65.4,62.3,3.1,4.7,0.2,34.3,1827542,69.0,7.7,3.3,2.7,1.5,15.9,26.8,1433635,88429,77.7,132157,31.7,23854,4.6,10576,2.6,4613,25.9,33737,12.0,3626205,51581,743369,575194,75047,63794,3582236,68.9,37.6,5.2,9.2,1433635,9.0,91.0,610624,70.2,29.8
16,Delaware,1018396,48.6,51.4,79.6,48.0,52.0,724041,92.0,90.3,93.5,807026,7.3,835365,62.7,62.4,59.7,2.7,4.3,0.4,37.3,491770,72.8,7.1,1.4,2.1,1.5,15.1,26.1,402334,82174,74.0,104569,36.1,25040,4.4,12039,2.1,2583,32.7,36449,10.9,1018396,42571,198566,173962,63310,51912,1005551,71.8,39.5,5.6,8.5,402334,5.9,94.1,187123,75.8,24.2
20,Florida,22244823,49.2,50.8,80.7,48.8,51.2,16104410,89.9,89.2,90.6,17868472,7.4,18459053,59.6,59.2,56.8,2.4,4.0,0.4,40.4,10375718,69.7,9.0,1.2,1.4,2.3,16.4,28.0,8826394,69303,73.4,99759,36.4,22956,5.0,10357,2.1,3041,25.6,33284,12.3,22244823,40278,4374674,3428527,54157,45855,21904247,63.6,37.5,11.2,11.6,8826394,6.0,94.0,3315723,65.8,34.2
22,Georgia,10912876,48.8,51.2,77.0,48.1,51.9,7332980,89.5,88.6,90.4,8347433,7.3,8708310,63.9,63.2,60.6,2.6,4.2,0.7,36.1,5214843,70.5,9.0,1.1,1.3,1.8,16.3,28.2,4092467,72837,79.5,101642,29.3,21670,5.1,10304,1.7,3549,22.8,29625,13.2,10912876,38378,2196252,1800677,58853,48397,10718050,66.6,33.0,11.7,11.5,4092467,5.7,94.3,1705941,75.0,25.0
24,Hawaii,1440196,50.4,49.6,79.4,50.0,50.0,1023843,92.9,93.0,92.8,1097072,8.2,1175667,63.5,59.5,57.4,2.2,3.6,3.9,36.5,698891,64.1,15.0,3.5,4.5,3.4,9.5,26.1,494827,92458,77.9,115107,37.4,23296,4.7,11081,4.2,6149,30.4,38946,11.7,1440196,42710,294761,225999,62824,52164,1383700,75.0,39.4,3.5,9.5,494827,8.1,91.9,192102,58.2,41.8
26,Idaho,1939033,50.4,49.6,76.0,50.1,49.9,1280178,92.0,91.2,92.8,1468603,7.9,1530729,62.4,62.0,60.2,1.8,3.0,0.4,37.6,911559,72.4,8.8,0.6,2.9,2.1,13.1,22.1,717151,72785,77.2,92606,32.8,23406,4.8,11015,2.7,2750,25.4,29393,7.3,1939033,35980,383120,255122,56040,42715,1911951,68.3,37.2,8.2,9.9,717151,3.8,96.2,324332,72.5,27.5
28,Illinois,12582032,49.5,50.5,78.4,49.0,51.0,8692839,90.4,89.5,91.3,9845693,4.8,10199598,65.0,64.8,61.7,3.1,4.8,0.2,35.0,6191766,66.1,7.9,5.6,2.6,2.0,15.8,27.9,5056360,76708,77.6,110194,29.3,22298,4.8,10588,2.6,3675,23.8,34633,14.6,12582032,43317,2584152,2004212,65710,53150,12413406,69.3,35.8,6.6,10.9,5056360,11.2,88.8,2065838,73.1,26.9
30,Indiana,6833037,49.7,50.3,77.0,49.1,50.9,4584460,90.2,89.4,91.0,5259577,6.2,5456066,63.9,63.8,61.5,2.3,3.6,0.1,36.1,3288291,75.7,9.7,0.7,1.9,1.5,10.5,24.1,2726489,66785,77.5,91471,31.1,22983,4.9,11409,1.8,2885,24.7,23365,9.2,6833037,35984,1401089,1015810,59860,46239,6737570,68.4,36.8,7.0,11.6,2726489,6.4,93.6,1220587,79.7,20.3
32,Iowa,3200517,50.2,49.8,77.6,49.9,50.1,2159511,93.5,92.7,94.2,2479776,6.4,2570925,66.6,66.5,64.5,2.0,2.9,0.2,33.4,1630985,76.1,8.0,0.8,2.9,1.3,11.0,19.7,1330995,69588,77.8,93050,31.5,22839,4.1,10848,1.6,2904,24.2,26890,8.5,3200517,38917,684142,511554,59736,48239,3153337,73.3,36.8,4.5,10.6,1330995,5.6,94.4,567684,79.7,20.3
34,Kansas,2937150,50.2,49.8,76.6,49.8,50.2,1944891,92.1,91.5,92.7,2229196,6.9,2330842,65.7,64.8,62.5,2.4,3.6,0.8,34.3,1452153,75.3,8.3,0.5,2.2,1.6,12.1,19.6,1175294,68925,78.7,93227,30.6,23207,4.2,10771,1.4,3535,23.8,26273,7.0,2937150,37919,638488,464373,58298,45626,2876222,73.7,31.2,8.6,11.5,1175294,5.4,94.6,455414,77.3,22.7
36,Kentucky,4512310,49.5,50.5,77.7,49.0,51.0,3091499,89.0,87.9,90.1,3491282,6.7,3626511,59.9,59.4,56.8,2.6,4.3,0.4,40.1,2034699,76.0,9.9,0.5,1.9,1.4,10.5,24.1,1828680,59341,73.2,85949,34.6,20703,7.0,10713,1.6,3385,25.6,26448,12.8,4512310,33980,856792,662659,54770,43557,4428274,62.8,45.2,5.6,15.2,1828680,6.4,93.6,709096,77.1,22.9
38,Louisiana,4590241,49.0,51.0,76.9,48.3,51.7,3096121,87.3,85.4,89.0,3512958,6.0,3656541,59.4,58.9,55.7,3.2,5.4,0.5,40.6,2019287,78.5,8.5,0.8,2.1,1.9,8.2,25.6,1816902,55416,73.9,83446,32.1,19247,7.5,10521,1.7,2991,22.0,26872,18.4,4590241,32171,826593,695029,55971,41923,4494008,58.1,47.7,6.9,16.7,1816902,8.2,91.8,630584,71.7,28.3
40,Maine,1385340,49.4,50.6,82.3,49.0,51.0,1030141,94.6,93.4,95.8,1137800,9.0,1170061,61.7,61.5,59.5,2.0,3.3,0.2,38.3,682588,70.0,8.2,0.5,3.8,1.9,15.7,24.7,605338,69543,73.0,94927,36.3,22275,5.5,10724,2.5,3758,27.7,30046,11.3,1385340,41188,273644,218252,59194,49824,1368026,68.7,40.5,6.6,10.6,605338,6.8,93.2,262894,70.5,29.5
42,Maryland,6164660,48.7,51.3,78.2,48.0,52.0,4286216,91.4,90.6,92.2,4784718,6.8,4974349,67.0,66.3,63.7,2.6,4.0,0.7,33.0,3143183,65.1,7.9,4.0,1.8,2.0,19.2,30.8,2375984,94991,80.5,126644,28.7,22585,4.4,10788,2.5,3629,26.2,40323,12.0,6164660,49236,1320643,1111806,74663,63733,6073039,72.8,35.2,6.1,9.1,2375984,8.7,91.3,1137581,73.6,26.4
44,Massachusetts,6981974,49.0,51.0,80.9,48.4,51.6,4947384,91.3,90.7,91.9,5640911,4.3,5805465,66.8,66.7,64.0,2.7,4.1,0.1,33.2,3637091,61.5,7.1,6.2,4.0,2.7,18.4,28.6,2797776,94488,78.6,140039,29.5,22453,5.6,10638,3.3,4615,23.0,35113,15.4,6981974,54025,1468476,1154307,79782,67043,6919123,73.4,37.8,2.4,10.1,2797776,11.8,88.2,1136176,69.7,30.3
46,Michigan,10034118,49.6,50.4,79.0,49.2,50.8,6978952,91.8,91.2,92.5,7923161,5.8,8179427,61.6,61.5,58.7,2.9,4.6,0.1,38.4,4706068,74.0,7.9,0.8,2.0,1.6,13.7,24.2,4089794,66986,74.2,94540,34.6,23068,5.6,11164,2.5,3460,27.9,26950,13.6,10034118,38151,1938740,1436983,61623,49665,9929781,70.4,41.0,4.5,12.1,4089794,6.9,93.1,1724683,76.0,24.0
48,Minnesota,5717184,50.2,49.8,77.5,49.9,50.1,3918565,94.0,93.9,94.2,4425541,6.0,4579443,68.0,67.9,65.7,2.2,3.2,0.1,32.0,2959902,69.3,7.7,1.6,2.6,1.7,17.2,22.8,2322190,82338,78.6,112459,29.6,23991,4.0,11169,3.2,3636,24.2,29211,7.7,5717184,45021,1210939,904758,67184,55984,5657569,74.7,35.3,4.5,9.3,2322190,6.8,93.2,1072513,76.3,23.7
50,Mississippi,2940057,48.5,51.5,77.0,47.8,52.2,1963322,87.6,85.4,89.6,2248988,6.5,2341292,57.1,56.5,53.7,2.8,4.9,0.6,42.9,1250771,81.9,9.6,0.3,1.5,1.2,5.5,25.5,1148340,52719,72.5,76198,35.3,19912,8.5,10631,1.9,2691,22.7,24506,13.7,2940057,29045,520349,447136,51041,39245,2872112,61.5,40.1,10.8,16.9,1148340,5.9,94.1,397659,73.1,26.9
52,Missouri,6177957,49.3,50.7,77.9,48.8,51.2,4236010,91.6,90.8,92.2,4792311,7.1,4974792,62.8,62.4,60.1,2.3,3.7,0.5,37.2,2955341,75.4,7.9,0.8,1.6,1.3,12.9,23.7,2521832,64811,75.8,91317,32.6,21633,5.5,10530,1.7,3199,25.8,26160,10.0,6177957,36640,1232690,988486,56844,44882,6071333,68.8,34.3,8.6,12.1,2521832,6.8,93.2,1019748,78.2,21.8
54,Montana,1122867,50.5,49.5,79.1,50.3,49.7,785438,94.0,93.2,94.9,883831,8.9,916289,63.5,63.0,61.1,1.9,3.0,0.5,36.5,551763,69.4,10.9,0.5,4.4,2.3,12.6,19.0,464072,67631,75.7,90381,34.4,21381,4.0,11116,2.0,3743,24.5,27963,7.5,1122867,38329,224539,166736,54987,44550,1104997,65.2,40.6,8.3,11.8,464072,4.2,95.8,172843,71.2,28.8
56,Nebraska,1967923,50.2,49.8,75.9,49.9,50.1,1300094,92.8,92.0,93.6,1486032,7.1,1547790,68.3,67.8,66.2,1.6,2.3,0.5,31.7,1015841,76.5,8.7,0.4,2.3,1.3,10.8,18.8,803157,69597,79.9,95443,29.0,22897,3.9,11221,2.2,3117,21.1,26144,8.5,1967923,38997,432649,319977,59056,48279,1939912,73.6,32.3,6.7,10.4,803157,5.2,94.8,313450,77.6,22.4
58,Nevada,3177772,50.3,49.7,78.3,50.2,49.8,2223852,87.4,86.9,87.9,2473493,8.3,2572023,63.3,62.7,59.3,3.4,5.5,0.6,36.7,1506293,70.0,11.2,2.2,1.4,3.0,12.2,24.5,1198356,72333,77.3,97079,31.2,21342,4.7,11287,3.0,3758,24.3,33150,13.4,3177772,38183,636702,480066,53821,46691,3139304,63.4,36.9,11.1,11.4,1198356,7.0,93.0,473798,69.0,31.0
60,New Hampshire,1395231,49.9,50.1,82.0,49.7,50.3,1024780,94.5,93.6,95.5,1141912,7.7,1177400,65.8,65.7,64.0,1.7,2.5,0.1,34.2,737801,71.1,7.9,0.3,2.1,1.4,17.3,26.7,557220,89992,78.3,121217,35.2,23895,3.8,12131,2.2,3310,27.4,30664,6.5,1395231,49281,311082,235907,73072,55028,1379160,75.6,33.5,4.9,7.3,557220,4.3,95.7,246059,71.3,28.7
62,New Jersey,9261699,49.3,50.7,78.5,48.8,51.2,6482223,90.7,90.3,91.1,7257185,3.9,7510983,66.2,66.0,62.7,3.3,5.0,0.2,33.8,4614699,61.5,8.3,8.0,3.0,2.5,16.7,30.3,3516978,96346,79.5,138148,31.7,24070,4.9,10769,2.6,5065,25.0,35291,9.6,9261699,51272,1959666,1486104,75939,63224,9168124,71.2,33.6,6.8,8.8,3516978,10.9,89.1,1433834,68.4,31.6
64,New Mexico,2113344,49.6,50.4,78.4,49.3,50.7,1453129,88.0,87.0,89.0,1641308,8.3,1710459,58.5,57.5,54.8,2.8,4.8,1.0,41.5,937793,73.3,10.1,0.7,2.2,1.8,12.0,23.7,848218,59726,72.8,82018,35.1,20615,5.8,10404,3.6,2993,26.4,32993,19.4,2113344,33916,379861,297417,53356,45623,2074351,54.4,51.2,8.2,16.0,848218,5.2,94.8,319989,70.5,29.5
66,New York,19677151,48.9,51.1,79.8,48.3,51.7,13892241,87.9,87.3,88.5,15668604,3.7,16154241,62.8,62.6,59.4,3.2,5.1,0.2,37.2,9399890,49.0,6.5,21.5,5.6,2.9,14.5,33.0,7774308,79557,76.7,125193,32.0,22138,6.1,10252,4.0,3900,24.5,33890,16.3,19677151,47421,3780567,3097304,69350,60899,19475046,65.4,42.9,4.9,13.1,7774308,29.1,70.9,2438822,66.7,33.3
68,North Carolina,10698973,48.9,51.1,78.6,48.3,51.7,7372120,90.2,88.8,91.4,8294906,7.5,8671939,62.8,61.5,59.2,2.3,3.8,1.3,37.2,5130773,71.2,8.5,0.5,1.6,1.4,16.8,25.1,4299266,67481,76.7,96470,31.8,22539,4.7,10492,1.6,3315,24.5,28316,13.4,10698973,38701,2175288,1711122,55156,47092,10480843,67.8,35.9,9.3,11.5,4299266,5.0,95.0,1770630,76.3,23.7
70,North Dakota,779261,51.2,48.8,76.8,51.0,49.0,514786,93.9,93.5,94.2,591739,6.6,617710,68.7,67.6,66.1,1.5,2.2,1.1,31.3,409836,78.8,8.8,0.3,3.4,1.1,7.6,18.3,331481,71970,81.3,94991,27.5,21262,3.3,10404,1.9,4442,19.4,27058,6.3,779261,41800,175780,124089,61786,47704,762522,78.4,29.5,6.4,11.1,331481,5.3,94.7,115609,77.6,22.4
72,Ohio,11756058,49.4,50.6,78.2,48.9,51.1,8130929,91.8,91.1,92.4,9182999,6.6,9506533,63.1,63.0,60.6,2.3,3.7,0.2,36.9,5660462,74.8,7.8,1.0,1.9,1.5,13.0,23.5,4878206,65720,75.5,93217,31.7,21255,5.5,10662,2.1,3389,26.1,28499,12.6,11756058,37932,2357495,1803934,60600,48971,11587715,68.1,38.8,5.9,12.2,4878206,7.2,92.8,1977558,79.3,20.7
74,Oklahoma,4019800,49.9,50.1,76.3,49.4,50.6,2661141,89.6,88.8,90.3,3041874,8.0,3178852,61.0,60.3,57.8,2.5,4.2,0.8,39.0,1829211,77.8,9.4,0.3,1.7,1.4,9.4,22.7,1573180,59673,76.3,83203,31.5,21518,5.4,11078,2.8,2205,21.9,26993,14.9,4019800,32930,787956,593440,52833,42012,3930259,61.7,39.6,11.7,14.4,1573180,5.5,94.5,549866,75.2,24.8
76,Oregon,4240137,50.0,50.0,80.4,49.6,50.4,3043930,91.6,90.8,92.5,3404612,7.4,3509464,62.4,62.4,59.7,2.7,4.3,0.1,37.6,2055100,64.1,8.6,2.1,3.6,2.6,19.0,22.8,1726340,75657,75.6,103996,32.8,23327,4.8,11318,3.6,4312,25.5,32056,16.1,4240137,42474,819485,602566,62349,53693,4199471,67.1,41.2,6.0,11.7,1726340,7.2,92.8,704150,68.1,31.9
78,Pennsylvania,12972008,49.3,50.7,79.8,48.9,51.1,9151744,92.2,91.8,92.5,10341435,6.2,10660341,62.8,62.8,60.1,2.7,4.3,0.1,37.2,6283929,68.8,7.5,3.4,3.2,2.0,15.2,26.4,5294065,71798,75.0,103792,35.0,22575,5.6,10840,3.3,3092,27.4,27849,14.4,12972008,41489,2635037,2015147,63487,52070,12789843,71.2,38.8,5.3,10.9,5294065,10.5,89.5,2114599,75.8,24.2
80,Rhode Island,1093734,49.0,51.0,81.4,48.6,51.4,778191,90.5,90.0,90.9,886459,5.3,916019,64.6,64.1,61.2,2.9,4.5,0.5,35.4,550424,72.4,7.7,1.4,2.9,2.1,13.4,25.4,446688,81854,75.3,112550,34.1,21658,6.4,10277,3.5,3103,25.1,32035,13.8,1093734,44538,221739,185683,68361,56549,1076902,70.5,37.9,4.2,10.6,446688,9.8,90.2,185919,71.5,28.5
82,South Carolina,5282634,48.6,51.4,78.9,48.0,52.0,3664922,90.5,89.6,91.3,4123703,8.4,4294594,60.7,59.7,57.1,2.6,4.4,1.0,39.3,2448303,76.4,8.5,0.4,1.6,1.7,11.4,25.6,2136080,64115,74.8,89441,35.1,22938,5.0,10606,1.3,3587,26.7,28612,10.9,5282634,36675,1013100,808609,55157,43614,5185489,66.9,38.7,9.1,12.5,2136080,5.4,94.6,882309,74.8,25.2
84,South Dakota,909824,50.8,49.2,75.9,50.7,49.3,605735,93.2,92.3,94.1,685391,8.3,716965,66.9,66.2,64.3,1.9,2.8,0.8,33.1,459739,78.5,7.1,0.5,2.5,1.4,9.9,18.2,368300,69728,78.9,89048,31.6,21368,3.5,10363,1.9,3359,22.9,25887,7.8,909824,37618,202317,144275,56091,45067,888485,73.3,32.0,8.1,11.6,368300,5.0,95.0,137709,77.9,22.1
86,Tennessee,7051339,49.1,50.9,78.2,48.5,51.5,4868110,90.4,89.4,91.3,5493170,7.2,5699603,62.4,62.0,59.9,2.1,3.4,0.4,37.6,3362498,75.0,8.6,0.4,1.2,1.5,13.3,25.5,2846684,65254,77.0,91505,31.8,22477,5.4,11028,1.8,3708,23.8,26804,11.1,7051339,36704,1429965,1121549,55145,45021,6951491,67.2,35.9,9.3,12.1,2846684,5.1,94.9,1095432,74.9,25.1
88,Texas,30029572,50.0,50.0,75.2,49.7,50.3,19597383,86.1,85.4,86.9,22463810,6.2,23471441,65.5,65.0,62.1,2.9,4.4,0.5,34.5,14447795,71.2,10.0,0.8,1.5,1.9,14.5,26.7,11087708,72284,82.5,102000,25.2,21205,4.4,10185,1.9,3609,18.9,30229,12.0,30029572,38123,6419723,4688476,60004,48120,29539484,62.8,29.6,16.6,12.3,11087708,5.4,94.6,3864485,70.9,29.1
90,Utah,3380800,50.8,49.2,72.5,50.5,49.5,2042912,93.0,92.2,93.8,2442122,4.5,2560844,70.0,69.7,67.8,1.9,2.7,0.3,30.0,1715465,67.4,9.9,1.4,1.8,1.5,18.0,21.6,1129660,89168,85.0,111892,23.5,24100,3.5,11285,1.4,4700,20.9,32169,5.2,3380800,38514,746932,433654,65278,47750,3353888,78.4,22.2,8.1,8.1,1129660,3.7,96.3,549786,76.2,23.8
92,Vermont,647064,49.6,50.4,82.4,49.2,50.8,467643,95.0,94.1,95.9,531633,6.5,548050,65.0,64.7,62.8,1.8,2.8,0.3,35.0,337728,69.8,7.3,0.6,4.2,1.5,16.5,23.2,277090,73991,76.3,95179,35.4,23546,5.3,9939,3.3,3544,25.9,26397,10.5,647064,42251,126140,105948,61383,54933,640316,70.0,41.9,3.9,10.2,277090,6.0,94.0,125139,70.1,29.9
94,Virginia,8683619,49.5,50.5,78.6,49.0,51.0,5978782,91.5,91.0,92.1,6681153,9.2,7041278,65.3,63.3,61.0,2.3,3.6,2.0,34.7,4350095,67.9,8.0,1.9,2.2,1.9,18.2,27.1,3380607,85873,79.1,120131,29.9,23086,4.2,10146,2.2,3428,26.2,35841,9.8,8683619,47199,1884424,1459703,70551,56498,8446378,73.0,34.2,6.5,10.0,3380607,6.1,93.9,1516532,75.0,25.0
96,Washington,7785786,50.5,49.5,78.9,50.2,49.8,5470209,92.2,91.5,92.8,6075692,7.7,6328051,64.7,63.7,61.1,2.6,4.1,1.0,35.3,3843589,62.9,8.7,3.1,3.1,1.7,20.5,26.3,3079953,91306,78.8,129587,28.9,23744,4.4,10930,3.3,4766,23.9,32828,11.3,7785786,50764,1661684,1141486,75587,61862,7667041,70.8,36.3,6.1,9.6,3079953,6.8,93.2,1294678,70.5,29.5
98,West Virginia,1775156,49.7,50.3,80.2,49.5,50.5,1262566,89.1,87.8,90.5,1421089,7.8,1466266,52.8,52.7,50.2,2.5,4.7,0.2,47.2,726863,78.3,8.3,0.6,2.4,1.3,9.1,26.9,736341,54329,66.5,80409,40.6,21332,7.6,10704,3.5,3764,29.2,25565,18.2,1775156,31922,306208,242594,54993,42486,1741322,61.8,49.2,5.9,16.2,736341,8.0,92.0,258075,81.3,18.7
100,Wisconsin,5892539,50.2,49.8,78.9,49.8,50.2,4088500,93.5,92.5,94.4,4646486,6.1,4802830,65.1,65.0,63.2,1.8,2.8,0.1,34.9,2991638,73.9,7.8,1.1,2.7,1.6,13.0,22.2,2491121,70996,76.0,96513,32.2,23279,4.5,11207,2.0,3344,26.4,27551,11.7,5892539,40188,1241897,936639,61280,49582,5831451,73.3,35.7,5.2,10.2,2491121,6.5,93.5,1031942,76.5,23.5
102,Wyoming,581381,51.2,48.8,77.7,51.0,49.0,399796,93.7,93.3,94.2,447769,9.4,465883,65.8,64.9,62.5,2.4,3.8,0.9,34.2,287194,76.2,8.2,1.0,3.5,2.0,9.1,18.0,243321,70042,77.2,88486,32.5,22305,3.8,11160,1.7,4237,25.5,27705,5.6,581381,38114,126510,86292,60412,47938,570764,71.0,31.2,11.5,11.1,243321,4.1,95.9,101037,73.7,26.3
